repo,childSha,parentSha,childBranch,timestamp,newHitLines,newNonHitLines,newFileHitLines,newFileNonHitLines,deletedLinesTested,deletedLinesNotTested,deletedFileLinesTested,deletedFileLinesNotTested,oldLinesNewlyTested,oldLinesNoLongerTested,modifiedLinesNewlyHit,modifiedLinesStillHit,modifiedLinesNotHit,nStatementsInBoth,nStatementsInEither,totalStatementsHitNow,totalStatementsHitPrev,totalStatementsNow,totalStatementsPrev,insFilesSrc,insFilesTest,modFilesSrc,modFilesTest,delFilesSrc,delFilesTest,newLinesSrc,newLinesTest,delLinesSrc,delLinesTest,insLinesAllFiles,delLinesAllFiles
ARMmbed/mbed-ls,898edd0fd4ce90441bfe58eb8028a11d9a294bf7,f3fcc3670a1f174aa2068397364ed695cd3dcf7c,master,1547223602,0,0,0,0,0,0,0,0,0,0,0,0,0,869,869,869,869,1058,1058,0,0,1,0,0,0,1,0,0,0,1,0,
ARMmbed/mbed-ls,f3fcc3670a1f174aa2068397364ed695cd3dcf7c,ff2d04c41b4e68543b56c20cdc253fd85e82501e,master,1546533350,0,0,0,0,0,0,0,0,0,0,0,0,0,869,869,869,869,1058,1058,0,0,1,0,0,0,1,0,0,0,1,0,
ARMmbed/mbed-ls,ff2d04c41b4e68543b56c20cdc253fd85e82501e,988c45408b6906187dc1fc49c67b1e201030de2e,master,1546449390,0,0,0,0,0,0,0,0,0,0,0,0,0,869,869,869,869,1058,1058,0,0,1,0,0,0,2,0,0,0,2,0,
ARMmbed/mbed-ls,988c45408b6906187dc1fc49c67b1e201030de2e,be3f50d864193a627a8ba8a7eb0f6d6c5e750993,master,1544818491,0,0,0,0,0,0,0,0,0,0,0,0,0,869,869,869,869,1058,1058,0,0,1,0,0,0,5,0,7,0,5,7,
ARMmbed/mbed-ls,be3f50d864193a627a8ba8a7eb0f6d6c5e750993,56d4c865292aead26739e1844c6eb16b8b0b3e91,master,1544204060,0,0,0,0,0,0,0,0,0,0,0,0,0,869,869,869,869,1058,1058,0,0,1,0,0,0,1,0,0,0,1,0,
ARMmbed/mbed-ls,56d4c865292aead26739e1844c6eb16b8b0b3e91,9690baadcdb4505a87ab00e1dc23a0b8ba0b34d8,master,1544204034,0,0,0,0,0,0,0,0,0,0,0,0,0,869,869,869,869,1058,1058,0,0,1,0,0,0,1,0,0,0,1,0,
ARMmbed/mbed-ls,9690baadcdb4505a87ab00e1dc23a0b8ba0b34d8,630d6609f31928baa1f9974bcd812bafdce82396,release-version-1.6.2,1543524960,0,0,0,0,0,0,0,0,0,0,0,0,0,869,869,869,869,1058,1058,0,0,1,0,0,0,1,0,1,0,1,1,
ARMmbed/mbed-ls,9690baadcdb4505a87ab00e1dc23a0b8ba0b34d8,630d6609f31928baa1f9974bcd812bafdce82396,master,1543524960,0,0,0,0,0,0,0,0,0,0,0,0,0,869,869,869,869,1058,1058,0,0,1,0,0,0,1,0,1,0,1,1,
ARMmbed/mbed-ls,630d6609f31928baa1f9974bcd812bafdce82396,f773c6ebffa843a4dedb938492842d3842eb638a,master,1543524732,0,0,0,0,0,0,0,0,0,0,0,0,0,869,869,869,869,1058,1058,0,0,1,0,0,0,1,0,0,0,1,0,
ARMmbed/mbed-ls,f773c6ebffa843a4dedb938492842d3842eb638a,0f13fc79fa63a970a576db395ca9c97131a93377,master,1543524719,0,0,0,0,0,0,0,0,0,0,0,0,0,869,869,869,869,1058,1058,0,0,1,0,0,0,1,0,0,0,1,0,
ARMmbed/mbed-ls,0f13fc79fa63a970a576db395ca9c97131a93377,fcb2d1725578229d6198a871d4ab8985096b3caa,master,1543524707,0,0,0,0,0,0,0,0,0,0,0,0,0,869,869,869,869,1058,1058,0,0,1,0,0,0,1,0,0,0,1,0,
ARMmbed/mbed-ls,fcb2d1725578229d6198a871d4ab8985096b3caa,6b1d39a464875a25ba381e2a195c743fb551c605,master,1543524696,0,0,0,0,0,0,0,0,0,0,0,0,0,869,869,869,869,1058,1058,0,0,1,0,0,0,1,0,0,0,1,0,
ARMmbed/mbed-ls,6b1d39a464875a25ba381e2a195c743fb551c605,68930b297c5161c5ba175c16795e78180435edaf,master,1542641045,0,0,0,0,0,0,0,0,0,0,0,0,0,869,869,869,869,1058,1058,0,0,1,0,0,0,1,0,0,0,1,0,
ARMmbed/mbed-ls,68930b297c5161c5ba175c16795e78180435edaf,429d16af9bb864548782c35ea2f5434bc1343b88,master,1541436240,12,3,0,0,6,2,0,0,0,0,0,0,0,857,875,869,863,1058,1045,0,0,1,1,0,0,17,1,8,0,18,8,
ARMmbed/mbed-ls,429d16af9bb864548782c35ea2f5434bc1343b88,d6ed6486ce476fa58ea18be49617af3af286a612,master,1541436231,0,0,0,0,0,0,0,0,0,0,0,0,0,863,863,863,863,1051,1051,0,0,1,0,0,0,1,0,0,0,1,0,
ARMmbed/mbed-ls,d6ed6486ce476fa58ea18be49617af3af286a612,9bd104eeeebc35bf6b095ad50a3f32ab8edd78f1,master,1541436221,5,1,0,0,0,0,0,0,0,0,0,0,0,858,863,863,858,1051,1045,0,0,1,1,0,0,12,5,0,0,35,0,
ARMmbed/mbed-ls,9bd104eeeebc35bf6b095ad50a3f32ab8edd78f1,0d44539b3354b67d0aec4774ac288acbb45aac13,release-version-1.6.1,1540307770,0,0,0,0,0,0,0,0,1,0,0,0,0,857,858,858,857,1045,1045,0,0,1,0,0,0,1,0,1,0,1,1,
ARMmbed/mbed-ls,9bd104eeeebc35bf6b095ad50a3f32ab8edd78f1,0d44539b3354b67d0aec4774ac288acbb45aac13,master,1540307770,0,0,0,0,0,0,0,0,1,0,0,0,0,857,858,858,857,1045,1045,0,0,1,0,0,0,1,0,1,0,1,1,
ARMmbed/mbed-ls,0d44539b3354b67d0aec4774ac288acbb45aac13,ec1fb6ba76ad8a943ef9c2468256f513b5258099,master,1539786435,0,0,0,0,0,0,0,0,0,1,0,0,0,857,858,857,858,1045,1045,0,0,1,0,0,0,1,0,0,0,1,0,
ARMmbed/mbed-ls,ec1fb6ba76ad8a943ef9c2468256f513b5258099,da2e9ca42b8131f79919d9813e765f0bc5c32a60,master,1539620974,0,0,0,0,0,0,0,0,0,0,0,0,0,858,858,858,858,1045,1045,0,0,1,0,0,0,1,0,0,0,1,0,
ARMmbed/mbed-ls,da2e9ca42b8131f79919d9813e765f0bc5c32a60,95f4a849a7dddec7e4712b4978493e3fbe98ee70,master,1539180403,0,0,0,0,0,0,0,0,0,0,0,0,0,858,858,858,858,1045,1045,0,0,1,0,0,0,2,0,0,0,2,0,
ARMmbed/mbed-ls,95f4a849a7dddec7e4712b4978493e3fbe98ee70,be535f22c2fb8ac9de8089f1b669b9ad897bc33e,master,1539180390,0,0,0,0,0,0,0,0,0,0,0,0,0,858,858,858,858,1045,1045,0,0,1,0,0,0,1,0,0,0,1,0,
ARMmbed/mbed-ls,be535f22c2fb8ac9de8089f1b669b9ad897bc33e,6a509216f04502682ff6f96e0b7ead5dad800971,master,1536935982,4,4,0,0,2,0,0,0,0,0,0,0,0,854,860,858,856,1045,1037,0,0,5,0,0,0,30,0,3,0,30,3,
ARMmbed/mbed-ls,6a509216f04502682ff6f96e0b7ead5dad800971,59b79097608390e0c15dc47e3a80a92d2fb87ccb,release-version-1.6.0,1536085228,0,0,0,0,0,0,0,0,0,0,0,0,0,856,856,856,856,1039,1039,0,0,1,0,0,0,1,0,1,0,1,1,
ARMmbed/mbed-ls,6a509216f04502682ff6f96e0b7ead5dad800971,59b79097608390e0c15dc47e3a80a92d2fb87ccb,master,1536085228,0,0,0,0,0,0,0,0,0,0,0,0,0,856,856,856,856,1039,1039,0,0,1,0,0,0,1,0,1,0,1,1,
ARMmbed/mbed-ls,59b79097608390e0c15dc47e3a80a92d2fb87ccb,ae84997bae8d92515a408e0924b125781aa2ae67,master,1535737160,0,0,0,0,0,0,0,0,0,0,0,0,0,856,856,856,856,1039,1039,0,0,1,1,0,0,1,26,1,7,27,8,
ARMmbed/mbed-ls,ae84997bae8d92515a408e0924b125781aa2ae67,b98d08d867cf3167201c122b3749c75140766d23,master,1535737150,3,0,0,0,1,0,0,0,20,0,0,0,0,833,857,856,834,1039,1036,0,1,1,0,0,0,7,214,5,0,359,5,
ARMmbed/mbed-ls,b98d08d867cf3167201c122b3749c75140766d23,a32979a6a461a415213d2a85e609062fd07141ee,master,1535737128,0,0,0,0,0,0,0,0,0,0,0,0,0,834,834,834,834,1037,1037,0,0,0,0,0,0,0,0,0,0,64,0,
ARMmbed/mbed-ls,a32979a6a461a415213d2a85e609062fd07141ee,3c81a02effa839c3fc0e98c8d1d7b7167adb3565,master,1535737101,4,2,0,0,4,2,0,0,0,0,0,0,0,830,838,834,834,1037,1033,0,0,2,0,0,0,6,0,6,0,6,6,
ARMmbed/mbed-ls,3c81a02effa839c3fc0e98c8d1d7b7167adb3565,f09833556c6eedede58a350cba67cff1cfdf67a4,release-version-1.5.1,1533136628,0,0,0,0,0,0,0,0,0,0,0,0,0,834,834,834,834,1037,1037,0,0,1,0,0,0,1,0,1,0,1,1,
ARMmbed/mbed-ls,3c81a02effa839c3fc0e98c8d1d7b7167adb3565,f09833556c6eedede58a350cba67cff1cfdf67a4,master,1533136628,0,0,0,0,0,0,0,0,0,0,0,0,0,834,834,834,834,1037,1037,0,0,1,0,0,0,1,0,1,0,1,1,
ARMmbed/mbed-ls,f09833556c6eedede58a350cba67cff1cfdf67a4,c4db6bca54052246b3ad190f7ba088206e91c154,master,1533043930,3,0,0,0,4,0,0,0,0,0,0,0,0,831,838,834,835,1037,1034,0,0,1,1,0,0,6,19,4,6,25,10,
ARMmbed/mbed-ls,c4db6bca54052246b3ad190f7ba088206e91c154,9501283a55b06d405767c496b200d53068c52be0,master,1533043864,1,0,0,0,2,0,0,0,0,0,0,0,0,834,837,835,836,1038,1037,0,0,1,1,0,0,1,4,2,4,5,6,
ARMmbed/mbed-ls,9501283a55b06d405767c496b200d53068c52be0,c557d798a39e468dd7c6fd4cbb441348f976c9c5,master,1533043834,0,0,0,0,0,0,0,0,0,0,0,0,0,836,836,836,836,1039,1039,0,0,1,0,0,0,2,0,2,0,2,2,
ARMmbed/mbed-ls,65c993ffa77daf3ea394377bfe2f7b2dc3d77ec4,c409e6a98d121637e114b4e33c2dc6c846c8279a,master,1532442534,0,0,0,0,0,0,0,0,0,0,0,0,0,836,836,836,836,1039,1039,0,0,1,0,0,0,1,0,0,0,1,0,
ARMmbed/mbed-ls,17592d23f83a0ffeb7a49bf39edc0208e7fdd097,75e7c9071352dbef0f64cfb6543e3a43c07a30f4,master,1532442512,0,0,0,0,0,0,0,0,0,0,0,0,0,836,836,836,836,1039,1039,0,0,1,0,0,0,1,0,0,0,1,0,
ARMmbed/mbed-ls,c409e6a98d121637e114b4e33c2dc6c846c8279a,17592d23f83a0ffeb7a49bf39edc0208e7fdd097,master,1532442525,0,0,0,0,0,0,0,0,0,0,0,0,0,836,836,836,836,1039,1039,0,0,1,0,0,0,2,0,0,0,2,0,
ARMmbed/mbed-ls,75e7c9071352dbef0f64cfb6543e3a43c07a30f4,5b228065d014b9784b10a3fb2a5354133bd132a7,master,1532442502,0,0,0,0,0,0,0,0,0,0,0,0,0,836,836,836,836,1039,1039,0,0,1,0,0,0,1,0,0,0,1,0,
ARMmbed/mbed-ls,5b228065d014b9784b10a3fb2a5354133bd132a7,35b95f8f9f02a93bc35793285ab9caf6da1eb4de,master,1532442470,0,0,0,0,0,0,0,0,0,0,0,0,0,836,836,836,836,1039,1039,0,0,1,0,0,0,1,0,1,0,1,1,
ARMmbed/mbed-ls,35b95f8f9f02a93bc35793285ab9caf6da1eb4de,d76e4b110f0ec54e49c8f0df0617e270c655d3c3,master,1532442449,0,0,0,0,0,0,0,0,0,0,0,0,0,836,836,836,836,1039,1039,0,0,1,0,0,0,1,0,0,0,1,0,
ARMmbed/mbed-ls,d76e4b110f0ec54e49c8f0df0617e270c655d3c3,5139d7418766719de12c646b9bc3605167046a60,master,1532018379,8,0,0,0,7,0,0,0,0,0,0,0,0,828,843,836,835,1039,1031,0,0,1,1,0,0,18,18,13,7,36,20,
ARMmbed/mbed-ls,5139d7418766719de12c646b9bc3605167046a60,281c44a19688853919ea4beb166d567c2d633c77,master,1532018335,0,0,0,0,0,0,0,0,0,0,0,0,0,835,835,835,835,1038,1038,0,0,1,0,0,0,1,0,0,0,1,0,
ARMmbed/mbed-ls,281c44a19688853919ea4beb166d567c2d633c77,0e5f95cedc46bb1f4bbba4e389c235344f6a7527,master,1531851951,48,8,0,0,3,0,0,0,2,0,0,0,0,785,838,835,788,1038,982,0,0,3,3,0,0,95,196,8,26,295,36,
ARMmbed/mbed-ls,0e5f95cedc46bb1f4bbba4e389c235344f6a7527,65b13781c0174ee1c82a7b19c238512e59d49d59,master,1528818342,0,0,0,0,0,0,0,0,0,0,0,0,0,788,788,788,788,985,985,0,0,1,0,0,0,2,0,2,0,2,2,
ARMmbed/mbed-ls,65b13781c0174ee1c82a7b19c238512e59d49d59,2a9801bfbc4b6f08d1b2b90d917a270d13e18593,release-version-1.4.6,1528382150,0,0,0,0,0,0,0,0,0,0,0,0,0,788,788,788,788,985,985,0,0,1,0,0,0,1,0,1,0,1,1,
ARMmbed/mbed-ls,65b13781c0174ee1c82a7b19c238512e59d49d59,2a9801bfbc4b6f08d1b2b90d917a270d13e18593,master,1528382150,0,0,0,0,0,0,0,0,0,0,0,0,0,788,788,788,788,985,985,0,0,1,0,0,0,1,0,1,0,1,1,
ARMmbed/mbed-ls,2a9801bfbc4b6f08d1b2b90d917a270d13e18593,5c249e8884c7c4ee2d5b685a9a3c8466ad5eb931,master,1528381653,1,0,0,0,0,0,0,0,0,0,0,0,0,787,788,788,787,985,984,0,0,1,0,0,0,1,0,0,0,1,0,
ARMmbed/mbed-ls,5c249e8884c7c4ee2d5b685a9a3c8466ad5eb931,72c738d658986e2c152902bedc0614b1e7773e62,master,1528381605,0,0,0,0,0,0,0,0,0,0,0,0,0,787,787,787,787,984,984,0,0,1,0,0,0,2,0,0,0,2,0,
ARMmbed/mbed-ls,72c738d658986e2c152902bedc0614b1e7773e62,3bf98610f6e63879e2ffc2e6f86f8783f831ac41,master,1528381570,10,0,0,0,3,0,0,0,1,0,0,0,0,776,790,787,779,984,974,0,0,1,1,0,0,14,57,3,15,71,18,
ARMmbed/mbed-ls,3bf98610f6e63879e2ffc2e6f86f8783f831ac41,ce1d65b14fca1ef3bdad2a9f6ad062d1dc677dc9,release-version-1.4.5,1527787793,0,0,0,0,0,0,0,0,0,0,0,0,0,779,779,779,779,977,977,0,0,1,0,0,0,1,0,1,0,1,1,
ARMmbed/mbed-ls,3bf98610f6e63879e2ffc2e6f86f8783f831ac41,ce1d65b14fca1ef3bdad2a9f6ad062d1dc677dc9,master,1527787793,0,0,0,0,0,0,0,0,0,0,0,0,0,779,779,779,779,977,977,0,0,1,0,0,0,1,0,1,0,1,1,
ARMmbed/mbed-ls,ce1d65b14fca1ef3bdad2a9f6ad062d1dc677dc9,f028f09dc24295ae0ae2bdfa449165e2421357f6,master,1527783683,0,0,0,0,38,30,0,0,0,0,0,0,0,779,817,779,817,977,1007,0,0,2,1,0,0,0,1,155,75,1,230,
ARMmbed/mbed-ls,6b32fa769b11f95b2011da3901435e3b13f451a2,f028f09dc24295ae0ae2bdfa449165e2421357f6,revert-341-online_plat_db_updates,1527782919,0,0,0,0,38,30,0,0,0,0,0,0,0,779,817,779,817,977,1007,0,0,2,1,0,0,0,1,155,75,1,230,
ARMmbed/mbed-ls,f028f09dc24295ae0ae2bdfa449165e2421357f6,9b16dda16222f87fb3045b223a9572e1d6d50f27,master,1527707614,5,1,0,0,3,0,0,0,0,0,0,0,0,812,820,817,815,1045,1039,0,0,1,0,0,0,8,0,4,0,8,4,
ARMmbed/mbed-ls,9b16dda16222f87fb3045b223a9572e1d6d50f27,8c2d3a49a969d36cd77a98846a2e9075e2dd4265,master,1527707580,0,0,0,0,0,0,0,0,0,0,0,0,0,815,815,815,815,1042,1042,0,0,1,0,0,0,4,0,0,0,4,0,
ARMmbed/mbed-ls,8c2d3a49a969d36cd77a98846a2e9075e2dd4265,b5120e1666ea7848f52fdf6d971483db1ba9dd61,master,1527707558,38,30,0,0,0,0,0,0,0,0,0,0,0,777,815,815,777,1042,974,0,0,2,1,0,0,155,75,0,1,230,1,
ARMmbed/mbed-ls,b5120e1666ea7848f52fdf6d971483db1ba9dd61,1b56817986f985bb82710e058251299dfbeeb07e,master,1527707475,1,0,0,0,1,0,0,0,0,0,0,0,0,776,778,777,777,974,973,0,0,1,0,0,0,1,0,1,0,1,1,
ARMmbed/mbed-ls,1b56817986f985bb82710e058251299dfbeeb07e,dd076430a103413842220a0675559a6d256af7a6,master,1524773704,3,2,0,0,1,11,0,0,7,0,0,0,0,767,778,777,768,974,980,0,0,1,1,0,0,6,44,12,0,50,12,
ARMmbed/mbed-ls,dd076430a103413842220a0675559a6d256af7a6,284beb31959e282bc233c16ab32ca4591a6d82cd,v1.4.4,1524752457,0,0,0,0,0,0,0,0,0,0,0,0,0,768,768,768,768,981,981,0,0,1,0,0,0,1,0,1,0,1,1,
ARMmbed/mbed-ls,dd076430a103413842220a0675559a6d256af7a6,284beb31959e282bc233c16ab32ca4591a6d82cd,master,1524752457,0,0,0,0,0,0,0,0,0,0,0,0,0,768,768,768,768,981,981,0,0,1,0,0,0,1,0,1,0,1,1,
ARMmbed/mbed-ls,284beb31959e282bc233c16ab32ca4591a6d82cd,74979f532f52918d195e9217690ef374fd550d7c,master,1524687406,16,0,0,0,14,2,0,0,0,0,0,0,0,752,782,768,766,981,967,0,0,1,1,0,0,20,24,22,33,44,55,
ARMmbed/mbed-ls,74979f532f52918d195e9217690ef374fd550d7c,62a384e42bc1b3735eae2daf9d797fa1661afd7d,v1.4.3,1524585973,0,0,0,0,0,0,0,0,0,0,0,0,0,766,766,766,766,981,981,0,0,1,0,0,0,1,0,1,0,1,1,
ARMmbed/mbed-ls,74979f532f52918d195e9217690ef374fd550d7c,62a384e42bc1b3735eae2daf9d797fa1661afd7d,master,1524585973,0,0,0,0,0,0,0,0,0,0,0,0,0,766,766,766,766,981,981,0,0,1,0,0,0,1,0,1,0,1,1,
ARMmbed/mbed-ls,62a384e42bc1b3735eae2daf9d797fa1661afd7d,0481de3450f8e6c4dfdd96135bb72f087d222f45,master,1524240131,171,38,0,0,126,29,0,0,5,0,0,0,0,590,899,766,723,981,803,0,0,1,1,0,0,312,298,251,73,610,324,
ARMmbed/mbed-ls,0481de3450f8e6c4dfdd96135bb72f087d222f45,a8031d01b10cdab0d0c221b23390a3ec4d4c3755,master,1524240051,6,0,0,0,6,0,0,0,0,0,0,0,0,715,727,721,721,926,920,0,0,1,1,0,0,6,93,7,64,99,71,
ARMmbed/mbed-ls,a8031d01b10cdab0d0c221b23390a3ec4d4c3755,5afe39df1a4c0dcbcaccad1e703f27205236fc16,master,1524079753,0,0,0,0,0,0,0,0,0,0,0,0,0,721,721,721,721,926,926,0,0,1,0,0,0,5,0,0,0,5,0,
ARMmbed/mbed-ls,5afe39df1a4c0dcbcaccad1e703f27205236fc16,04e57d6f632245ba636efbf00e8b75815871c4c5,master,1524079736,0,0,0,0,0,0,0,0,0,0,0,0,0,721,721,721,721,926,926,0,0,1,0,0,0,1,0,1,0,1,1,
ARMmbed/mbed-ls,04e57d6f632245ba636efbf00e8b75815871c4c5,303c9e54e82fbeb54266274d23b91c971e376ded,v1.4.2,1523300694,0,0,0,0,0,0,0,0,0,0,0,0,0,721,721,721,721,926,926,0,0,1,0,0,0,1,0,1,0,1,1,
ARMmbed/mbed-ls,04e57d6f632245ba636efbf00e8b75815871c4c5,303c9e54e82fbeb54266274d23b91c971e376ded,master,1523300694,0,0,0,0,0,0,0,0,0,0,0,0,0,721,721,721,721,926,926,0,0,1,0,0,0,1,0,1,0,1,1,
ARMmbed/mbed-ls,303c9e54e82fbeb54266274d23b91c971e376ded,ccc3e8f2f003f348d74421c65cd3ce8f6d5119d9,master,1523300270,6,2,0,0,2,0,0,0,0,0,0,0,0,715,723,721,717,926,918,0,0,1,0,0,0,10,0,2,0,10,2,
ARMmbed/mbed-ls,ccc3e8f2f003f348d74421c65cd3ce8f6d5119d9,ab655e9d80271d60d5f58796a6cebe2fe923fe42,v1.4.1,1522784918,0,0,0,0,0,0,0,0,0,0,0,0,0,717,717,717,717,920,920,0,0,1,0,0,0,1,0,1,0,1,1,
ARMmbed/mbed-ls,ccc3e8f2f003f348d74421c65cd3ce8f6d5119d9,ab655e9d80271d60d5f58796a6cebe2fe923fe42,master,1522784918,0,0,0,0,0,0,0,0,0,0,0,0,0,717,717,717,717,920,920,0,0,1,0,0,0,1,0,1,0,1,1,
ARMmbed/mbed-ls,ab655e9d80271d60d5f58796a6cebe2fe923fe42,0d5cb689eb63af5cf386eb5d5df096fb1d852a6e,master,1522784311,0,0,0,0,0,0,0,0,0,0,0,0,0,717,717,717,717,920,920,0,0,1,0,0,0,3,0,0,0,3,0,
ARMmbed/mbed-ls,0d5cb689eb63af5cf386eb5d5df096fb1d852a6e,e60a86a0fc37908e7173dfad95a34f451adefc39,master,1522784074,0,0,0,0,0,0,0,0,0,0,0,0,0,717,717,717,717,920,920,0,0,1,0,0,0,1,0,0,0,1,0,
ARMmbed/mbed-ls,e60a86a0fc37908e7173dfad95a34f451adefc39,9cbd2d6e60ee4fa495d3344774ba835febfa5f22,master,1522784066,0,0,0,0,0,0,0,0,0,0,0,0,0,717,717,717,717,920,920,0,0,1,0,0,0,1,0,1,0,1,1,
ARMmbed/mbed-ls,9cbd2d6e60ee4fa495d3344774ba835febfa5f22,a6314178671a83b193315b1b50ba7c24575a2970,master,1522784041,0,0,0,0,0,0,0,0,0,0,0,0,0,717,717,717,717,920,920,0,0,1,0,0,0,2,0,0,0,2,0,
ARMmbed/mbed-ls,a6314178671a83b193315b1b50ba7c24575a2970,1146d8c0f54752dce1651e5fea7bb01c227ded2d,master,1522783906,10,0,0,0,5,0,0,0,0,0,0,0,0,707,722,717,712,920,910,0,0,1,1,0,0,15,37,8,0,52,8,
ARMmbed/mbed-ls,1146d8c0f54752dce1651e5fea7bb01c227ded2d,c3f55a443ab03e569611d8283759b955605269a0,master,1522349729,0,0,0,0,0,0,0,0,0,0,0,0,0,712,712,712,712,915,915,0,0,1,0,0,0,1,0,0,0,1,0,
ARMmbed/mbed-ls,c3f55a443ab03e569611d8283759b955605269a0,4875a600af6c83a799553dbaedcf3303376390d5,master,1521815425,0,0,0,0,0,0,0,0,0,0,0,0,0,712,712,712,712,915,915,0,0,1,0,0,0,1,0,0,0,1,0,
ARMmbed/mbed-ls,4875a600af6c83a799553dbaedcf3303376390d5,ea829ac1a40f2eddf00f43351c115f8042038c22,master,1519918918,0,0,0,0,0,0,0,0,0,0,0,0,0,712,712,712,712,915,915,0,0,0,0,0,0,0,0,0,0,4,0,
ARMmbed/mbed-ls,ea829ac1a40f2eddf00f43351c115f8042038c22,a0050caf3560c399898658acc6313d2e88ef1ac8,master,1519838870,0,0,0,0,0,0,0,0,0,0,0,0,0,712,712,712,712,915,915,0,0,1,0,0,0,1,0,0,0,1,0,
ARMmbed/mbed-ls,a0050caf3560c399898658acc6313d2e88ef1ac8,cf44b2e40241f8ec52325f3911fa2e0e0ba71f9a,master,1519838131,6,0,0,0,0,0,0,0,0,0,0,0,0,706,712,712,706,915,909,0,0,6,0,0,0,6,0,0,0,6,0,
ARMmbed/mbed-ls,cf44b2e40241f8ec52325f3911fa2e0e0ba71f9a,44d819cb545c235b61181058be8551e658354a38,v1.4.0,1519830537,0,0,0,0,0,0,0,0,0,0,0,0,0,706,706,706,706,909,909,0,0,1,0,0,0,1,0,1,0,1,1,
ARMmbed/mbed-ls,cf44b2e40241f8ec52325f3911fa2e0e0ba71f9a,44d819cb545c235b61181058be8551e658354a38,master,1519830537,0,0,0,0,0,0,0,0,0,0,0,0,0,706,706,706,706,909,909,0,0,1,0,0,0,1,0,1,0,1,1,
ARMmbed/mbed-ls,44d819cb545c235b61181058be8551e658354a38,2efd5a8e014ebef5d2d9b034f011f708eb95530e,master,1519675514,96,0,0,0,41,0,0,0,2,0,0,0,0,608,749,706,651,909,813,0,0,2,2,0,0,409,91,281,21,500,302,
ARMmbed/mbed-ls,2efd5a8e014ebef5d2d9b034f011f708eb95530e,f866fbe60c0ebd1a247a309be25b48c9edc1ee1f,master,1519231376,0,0,0,0,0,0,0,0,0,0,0,0,0,651,651,651,651,854,854,0,0,1,0,0,0,1,0,0,0,1,0,
ARMmbed/mbed-ls,f866fbe60c0ebd1a247a309be25b48c9edc1ee1f,08f2bcb933ef17be78a3487751d06da09ee8eb45,master,1519231355,121,24,0,0,49,18,0,0,1,3,0,0,0,529,703,651,581,854,728,0,0,2,1,0,0,252,86,113,49,338,162,
ARMmbed/mbed-ls,08f2bcb933ef17be78a3487751d06da09ee8eb45,1ed1629aac709e2f0871cd568e6a96a198eeadfe,master,1519136923,0,0,0,0,0,0,0,0,0,0,0,0,0,581,581,581,581,777,777,0,0,0,0,0,0,0,0,0,0,263,629,
ARMmbed/mbed-ls,1ed1629aac709e2f0871cd568e6a96a198eeadfe,4bd9ff2bd04b14fae08a89bc224b652c1135f7ea,v1.3.7,1518448220,0,0,0,0,0,0,0,0,0,0,0,0,0,581,581,581,581,777,777,0,0,1,0,0,0,1,0,1,0,1,1,
ARMmbed/mbed-ls,1ed1629aac709e2f0871cd568e6a96a198eeadfe,4bd9ff2bd04b14fae08a89bc224b652c1135f7ea,master,1518448220,0,0,0,0,0,0,0,0,0,0,0,0,0,581,581,581,581,777,777,0,0,1,0,0,0,1,0,1,0,1,1,
ARMmbed/mbed-ls,4bd9ff2bd04b14fae08a89bc224b652c1135f7ea,0dfc430196de2a8e18059a671548f5fb06621f11,master,1518446870,0,0,0,0,0,0,0,0,0,0,0,0,0,581,581,581,581,777,777,0,0,1,0,0,0,1,0,0,0,1,0,
ARMmbed/mbed-ls,0dfc430196de2a8e18059a671548f5fb06621f11,9f6360ab659f2daad77c15bc2bacd5fc91fe17c9,master,1518204508,0,0,0,0,0,0,0,0,0,0,0,0,0,581,581,581,581,777,777,0,0,1,0,0,0,1,0,0,0,1,0,
ARMmbed/mbed-ls,9f6360ab659f2daad77c15bc2bacd5fc91fe17c9,6a4031f3a38465439dc9758545c2d06acbdb4122,master,1518190672,0,0,0,0,0,0,0,0,0,0,0,0,0,581,581,581,581,777,777,0,0,1,0,0,0,1,0,0,0,1,0,
ARMmbed/mbed-ls,6a4031f3a38465439dc9758545c2d06acbdb4122,e9f2610fbaaa710101695a4ad9cc7facbbb435b6,master,1518188657,0,0,0,0,0,0,0,0,0,0,0,0,0,581,581,581,581,777,777,0,0,1,0,0,0,1,0,0,0,1,0,
ARMmbed/mbed-ls,e9f2610fbaaa710101695a4ad9cc7facbbb435b6,fcfc07532badce1e0e736fb24cdfb31c4c3f6f19,master,1517847652,0,0,0,0,0,0,0,0,0,0,0,0,0,581,581,581,581,777,777,0,0,1,0,0,0,1,0,0,0,1,0,
ARMmbed/mbed-ls,fcfc07532badce1e0e736fb24cdfb31c4c3f6f19,8124144b030ec0b4b6c4f20643e8b5ea8ab989b7,master,1517349970,0,0,0,0,0,0,0,0,0,0,0,0,0,581,581,581,581,777,777,0,0,1,0,0,0,1,0,0,0,1,0,
ARMmbed/mbed-ls,8124144b030ec0b4b6c4f20643e8b5ea8ab989b7,d3abf0422066e7b2db27ffbbb623d91bd3fc7303,master,1517349957,0,0,0,0,0,0,0,0,0,0,0,0,0,581,581,581,581,777,777,0,0,1,0,0,0,1,0,0,0,1,0,
ARMmbed/mbed-ls,d3abf0422066e7b2db27ffbbb623d91bd3fc7303,9119fe1c987f46c1a8bbd0c2d76f9c284373b19a,master,1517349927,9,0,0,0,4,2,0,0,0,0,0,0,0,572,585,581,576,777,770,0,0,1,1,0,0,16,83,8,12,99,20,
ARMmbed/mbed-ls,9119fe1c987f46c1a8bbd0c2d76f9c284373b19a,ce9574ea26a8f23c15b15e18a4b8b0c0b05fbc3e,master,1516725137,0,0,0,0,0,0,0,0,0,0,0,0,0,576,576,576,576,774,774,0,0,1,0,0,0,1,0,0,0,1,0,
ARMmbed/mbed-ls,ce9574ea26a8f23c15b15e18a4b8b0c0b05fbc3e,cc497c52c25e2bcfe2b993f28c174809f484ddf9,v1.3.6,1516657595,0,0,0,0,0,0,0,0,0,0,0,0,0,576,576,576,576,774,774,0,0,1,0,0,0,1,0,1,0,1,1,
ARMmbed/mbed-ls,ce9574ea26a8f23c15b15e18a4b8b0c0b05fbc3e,cc497c52c25e2bcfe2b993f28c174809f484ddf9,master,1516657595,0,0,0,0,0,0,0,0,0,0,0,0,0,576,576,576,576,774,774,0,0,1,0,0,0,1,0,1,0,1,1,
ARMmbed/mbed-ls,cc497c52c25e2bcfe2b993f28c174809f484ddf9,c0d77ee0745a87fb800263a9aaa0d9a4dfaff63d,master,1516640637,0,0,0,0,0,0,0,0,0,0,0,0,0,576,576,576,576,774,774,0,0,1,0,0,0,1,0,0,0,1,0,
ARMmbed/mbed-ls,c0d77ee0745a87fb800263a9aaa0d9a4dfaff63d,e95353ce4d2334e10201b581a5d8e664eafdbbc7,master,1515785967,0,0,0,0,0,0,0,0,0,0,0,0,0,576,576,576,576,774,774,0,0,1,0,0,0,1,0,0,0,1,0,
ARMmbed/mbed-ls,e95353ce4d2334e10201b581a5d8e664eafdbbc7,13663cd7704f78ea899f15e413836a07dd055e2a,master,1515532114,0,0,0,0,0,0,0,0,0,0,0,0,0,576,576,576,576,774,774,0,0,1,0,0,0,1,0,0,0,1,0,
ARMmbed/mbed-ls,13663cd7704f78ea899f15e413836a07dd055e2a,e5bac6509ffda5fa94b1fc7a1bfc87de3fb75901,master,1514991621,2,2,0,0,2,2,0,0,0,0,0,0,0,574,578,576,576,774,772,0,0,1,0,0,0,4,0,4,0,4,4,
ARMmbed/mbed-ls,e5bac6509ffda5fa94b1fc7a1bfc87de3fb75901,8843f87757dd2445b497813a8f4a19bfbf5eaa62,v1.3.5,1513717575,0,0,0,0,0,0,0,0,0,0,0,0,0,576,576,576,576,774,774,0,0,1,0,0,0,1,0,1,0,1,1,
ARMmbed/mbed-ls,e5bac6509ffda5fa94b1fc7a1bfc87de3fb75901,8843f87757dd2445b497813a8f4a19bfbf5eaa62,master,1513717575,0,0,0,0,0,0,0,0,0,0,0,0,0,576,576,576,576,774,774,0,0,1,0,0,0,1,0,1,0,1,1,
ARMmbed/mbed-ls,8843f87757dd2445b497813a8f4a19bfbf5eaa62,ffbcec83c01eb82cb32cb3fec4f1fe415884f64a,master,1513626440,0,0,0,0,0,0,0,0,0,0,0,0,0,576,576,576,576,774,774,0,0,1,0,0,0,1,0,0,0,1,0,
ARMmbed/mbed-ls,ffbcec83c01eb82cb32cb3fec4f1fe415884f64a,0aaa009c018ef9acb29d74f65ce46b301332bea3,master,1513626163,10,0,0,0,11,0,0,0,2,0,0,0,0,564,589,576,577,774,764,0,0,1,1,0,0,20,33,19,12,53,31,
ARMmbed/mbed-ls,0aaa009c018ef9acb29d74f65ce46b301332bea3,49091e76efa5e4e19314a2cb40491d05b1cf528c,master,1513626001,0,0,0,0,0,0,0,0,0,0,0,0,0,575,575,575,575,773,773,0,0,1,0,0,0,1,0,0,0,1,0,
ARMmbed/mbed-ls,49091e76efa5e4e19314a2cb40491d05b1cf528c,fc08861bd1eee55ef6a3acd3305c01aa710e0d79,master,1513625966,5,0,0,0,2,0,0,0,0,0,0,0,0,570,577,575,572,773,768,0,0,1,1,0,0,5,10,2,0,15,2,
ARMmbed/mbed-ls,fc08861bd1eee55ef6a3acd3305c01aa710e0d79,29e9179fd18029d452448b773bc3a42062dc7629,master,1513625943,0,0,0,0,0,0,0,0,0,0,0,0,0,572,572,572,572,770,770,0,0,1,0,0,0,1,0,0,0,1,0,
ARMmbed/mbed-ls,29e9179fd18029d452448b773bc3a42062dc7629,45e634530d540db83d3800b91e2ffc6cc9681768,master,1513077676,3,0,0,0,1,0,0,0,2,0,0,0,0,567,573,572,568,770,767,0,0,1,1,0,0,4,21,1,0,25,1,
ARMmbed/mbed-ls,45e634530d540db83d3800b91e2ffc6cc9681768,51e3d74f50efb094dc40c34ca9ea3b2af2b79a90,master,1511285964,0,0,0,0,0,0,0,0,5,0,0,0,0,563,568,568,563,768,768,0,0,0,1,0,0,0,38,0,1,38,1,
ARMmbed/mbed-ls,51e3d74f50efb094dc40c34ca9ea3b2af2b79a90,e3a2bd6ea47d60ad0f81eae2fd4cf884c33b84d4,master,1511285319,0,1,0,0,0,1,0,0,0,0,0,0,0,563,563,563,563,768,768,0,0,1,0,0,0,3,0,2,0,3,2,
ARMmbed/mbed-ls,e3a2bd6ea47d60ad0f81eae2fd4cf884c33b84d4,6020a9dfc8464372d4e25b3d3c697e6ffd514014,v1.3.4,1510333678,0,0,0,0,0,0,0,0,0,0,0,0,0,563,563,563,563,768,768,0,0,1,0,0,0,1,0,1,0,1,1,
ARMmbed/mbed-ls,e3a2bd6ea47d60ad0f81eae2fd4cf884c33b84d4,6020a9dfc8464372d4e25b3d3c697e6ffd514014,master,1510333678,0,0,0,0,0,0,0,0,0,0,0,0,0,563,563,563,563,768,768,0,0,1,0,0,0,1,0,1,0,1,1,
ARMmbed/mbed-ls,507349b3b540fb44a26442e0e8e6b7a3c2c5aa85,425591034dba04cf2d733190502c5044d0be4145,master,1510333352,0,0,0,0,0,0,0,0,0,0,0,0,0,563,563,563,563,768,768,0,0,1,0,0,0,1,0,0,0,1,0,
ARMmbed/mbed-ls,6020a9dfc8464372d4e25b3d3c697e6ffd514014,507349b3b540fb44a26442e0e8e6b7a3c2c5aa85,master,1510333360,0,0,0,0,0,0,0,0,0,0,0,0,0,563,563,563,563,768,768,0,0,1,0,0,0,1,0,0,0,1,0,
ARMmbed/mbed-ls,425591034dba04cf2d733190502c5044d0be4145,bb402857c99dcbd59499ecbb3644fd084204c1ba,master,1510333341,0,0,0,0,0,0,0,0,0,0,0,0,0,563,563,563,563,768,768,0,0,1,0,0,0,1,0,0,0,1,0,
ARMmbed/mbed-ls,bb402857c99dcbd59499ecbb3644fd084204c1ba,7a505b1b89ec399157d0574def78db53d547bc37,master,1510333288,1,0,0,0,0,0,0,0,0,0,0,0,0,562,563,563,562,768,767,0,0,1,0,0,0,1,0,0,0,1,0,
ARMmbed/mbed-ls,7a505b1b89ec399157d0574def78db53d547bc37,3dfbc83cc54dd3e3aaf4a6d377b5aa7d92c84749,master,1510333246,8,0,0,0,14,0,0,0,0,4,0,0,0,554,580,562,572,767,759,0,0,1,1,0,0,18,28,16,8,46,24,
ARMmbed/mbed-ls,3dfbc83cc54dd3e3aaf4a6d377b5aa7d92c84749,f2b0f2779f4e7a671171de6353ebd98abe44a6f8,master,1509722811,5,0,0,0,2,0,0,0,0,0,0,0,0,567,574,572,569,773,768,0,0,1,1,0,0,5,7,2,0,12,2,
ARMmbed/mbed-ls,f2b0f2779f4e7a671171de6353ebd98abe44a6f8,4f044d79554059cf646604b67be3beb47ac2bade,master,1508776020,33,0,0,0,23,4,0,0,0,0,0,0,0,536,592,569,559,770,741,0,0,1,1,0,0,46,12,37,0,58,37,
ARMmbed/mbed-ls,d7c627f21d866701ca9e79a1cbdfca657430e6df,4f044d79554059cf646604b67be3beb47ac2bade,update-platform-db,1508775446,33,0,0,0,23,4,0,0,0,0,0,0,0,536,592,569,559,770,741,0,0,1,1,0,0,46,12,37,0,58,37,
ARMmbed/mbed-ls,4f044d79554059cf646604b67be3beb47ac2bade,cb03042d514c017afdc8da476564e79285384a26,master,1508532351,2,0,0,0,2,0,0,0,0,0,0,0,0,557,561,559,559,764,762,0,0,1,1,0,0,2,2,2,2,4,4,
ARMmbed/mbed-ls,cb03042d514c017afdc8da476564e79285384a26,d4d7f538bc95966d8343dc10c560069730f948ff,master,1508266093,2,0,0,0,1,0,0,0,2,21,0,0,0,555,581,559,577,764,762,0,0,1,3,0,2,2,41,138,19,43,157,
ARMmbed/mbed-ls,d4d7f538bc95966d8343dc10c560069730f948ff,c9e373ff49ff780bec0685ce9915b03274788a1f,v1.3.3,1508180257,0,0,0,0,0,0,0,0,0,0,0,0,0,577,577,577,577,763,763,0,0,1,0,0,0,1,0,1,0,1,1,
ARMmbed/mbed-ls,d4d7f538bc95966d8343dc10c560069730f948ff,c9e373ff49ff780bec0685ce9915b03274788a1f,master,1508180257,0,0,0,0,0,0,0,0,0,0,0,0,0,577,577,577,577,763,763,0,0,1,0,0,0,1,0,1,0,1,1,
ARMmbed/mbed-ls,9eecc270ffe36896b3a37c8e9e4f2d13592ed71c,c9e373ff49ff780bec0685ce9915b03274788a1f,release,1508179553,0,0,0,0,0,0,0,0,0,0,0,0,0,577,577,577,577,763,763,0,0,1,0,0,0,1,0,1,0,1,1,
ARMmbed/mbed-ls,c9e373ff49ff780bec0685ce9915b03274788a1f,ff1f8443513c536916ba9c1d7b3120c1130a497d,master,1507921138,2,0,0,0,0,0,0,0,4,0,0,0,0,571,577,577,571,763,761,0,0,1,1,0,0,2,4,0,0,6,0,
ARMmbed/mbed-ls,40e0827b9cdb6b2836fdf0ce9a021410e5d292a4,ff1f8443513c536916ba9c1d7b3120c1130a497d,never-fail-logging,1507920948,2,0,0,0,0,0,0,0,4,0,0,0,0,571,577,577,571,763,761,0,0,1,1,0,0,2,4,0,0,6,0,
ARMmbed/mbed-ls,ff1f8443513c536916ba9c1d7b3120c1130a497d,461fb4f0681d142b0e462a307537dbf83326a950,v1.3.2,1507836719,0,0,0,0,0,0,0,0,0,0,0,0,0,571,571,571,571,761,761,0,0,1,0,0,0,1,0,1,0,1,1,
ARMmbed/mbed-ls,ff1f8443513c536916ba9c1d7b3120c1130a497d,461fb4f0681d142b0e462a307537dbf83326a950,master,1507836719,0,0,0,0,0,0,0,0,0,0,0,0,0,571,571,571,571,761,761,0,0,1,0,0,0,1,0,1,0,1,1,
ARMmbed/mbed-ls,7662a19ab22f065fcebbd2d0d5a58d53e39b8b32,461fb4f0681d142b0e462a307537dbf83326a950,release,1507835757,0,0,0,0,0,0,0,0,0,0,0,0,0,571,571,571,571,761,761,0,0,1,0,0,0,1,0,1,0,1,1,
ARMmbed/mbed-ls,461fb4f0681d142b0e462a307537dbf83326a950,60828b16fd4d816d8db18e30ff38f14777bf1728,master,1507834948,18,1,0,0,5,1,0,0,0,0,0,0,0,553,576,571,558,761,743,0,0,1,1,0,0,26,14,7,8,40,15,
ARMmbed/mbed-ls,60828b16fd4d816d8db18e30ff38f14777bf1728,9e64aa2b0a9df952aae7eb4635cee397ed63c61a,master,1507834717,4,0,0,0,6,0,0,0,2,2,0,0,0,552,568,558,562,748,744,0,0,1,1,0,0,9,19,9,1,28,10,
ARMmbed/mbed-ls,9e64aa2b0a9df952aae7eb4635cee397ed63c61a,02a77874e2870f26c1bbc8c3911dd0b1747ab6b4,master,1507827578,3,0,0,0,3,0,0,0,0,0,0,0,0,557,563,560,560,748,745,0,0,1,1,0,0,3,2,3,3,5,6,
ARMmbed/mbed-ls,02a77874e2870f26c1bbc8c3911dd0b1747ab6b4,f4a5583f624c58bbe50e4c670d68b3b2a1889161,master,1507825720,15,2,0,0,9,0,0,0,1,0,0,0,0,544,570,560,554,748,731,0,0,5,0,0,0,21,0,10,0,21,10,
ARMmbed/mbed-ls,9e9aa08bc97ae8ec100bffe3c8f10c1d9691683e,1931989a9b45adc71d08f0878bdfa4de09228bc0,correct-d,1507825607,14,2,0,0,8,0,0,0,1,0,0,0,0,545,569,560,554,748,732,0,0,5,0,0,0,17,0,9,0,17,9,
ARMmbed/mbed-ls,1931989a9b45adc71d08f0878bdfa4de09228bc0,f4a5583f624c58bbe50e4c670d68b3b2a1889161,correct-d,1507825173,2,0,0,0,1,0,0,0,0,0,0,0,0,552,555,554,553,740,738,0,0,2,0,0,0,4,0,1,0,4,1,
ARMmbed/mbed-ls,bdc79837a136cec0d407fbd8cfc84fc50f39a71c,f4a5583f624c58bbe50e4c670d68b3b2a1889161,v1.3.1,1507754763,0,0,0,0,0,0,0,0,0,0,0,0,0,553,553,553,553,739,739,0,0,1,0,0,0,1,0,1,0,1,1,
ARMmbed/mbed-ls,f4a5583f624c58bbe50e4c670d68b3b2a1889161,ab01d53ad43cac766dea65519750d52427b35337,master,1507754691,2,1,0,0,0,1,0,0,0,5,0,0,0,551,558,553,556,739,737,0,0,2,0,0,0,3,0,1,0,3,1,
ARMmbed/mbed-ls,32ef2c60869fb1e2cc02a7dbacd40fb4577f5303,ab01d53ad43cac766dea65519750d52427b35337,opt-in-logging,1507754566,2,1,0,0,0,1,0,0,0,5,0,0,0,551,558,553,556,739,737,0,0,2,0,0,0,3,0,1,0,3,1,
ARMmbed/mbed-ls,9cfb5082203b3a333c39d49c7d03abf814eb04bb,da16ecaf7a56d140f9cad2bb40f5ede3adda9778,null,1507650413,0,0,0,0,0,0,0,0,0,0,0,0,0,556,556,556,556,737,737,0,0,1,0,0,0,1,0,1,0,1,1,
ARMmbed/mbed-ls,9cfb5082203b3a333c39d49c7d03abf814eb04bb,da16ecaf7a56d140f9cad2bb40f5ede3adda9778,test-darwin,1507650413,0,0,0,0,0,0,0,0,0,0,0,0,0,556,556,556,556,737,737,0,0,1,0,0,0,1,0,1,0,1,1,
ARMmbed/mbed-ls,ab01d53ad43cac766dea65519750d52427b35337,f189e8b14d52dded2622c9190e5f856ad4a93783,master,1507650233,45,0,35,3,0,0,0,0,0,0,0,0,0,476,556,511,476,737,654,0,1,1,0,0,0,69,169,34,0,238,34,
ARMmbed/mbed-ls,da16ecaf7a56d140f9cad2bb40f5ede3adda9778,f189e8b14d52dded2622c9190e5f856ad4a93783,test-darwin,1507648496,45,0,35,3,0,0,0,0,0,0,0,0,0,476,556,511,476,737,654,0,1,1,0,0,0,69,169,34,0,238,34,
ARMmbed/mbed-ls,f189e8b14d52dded2622c9190e5f856ad4a93783,43cae497f82631af90c542ef423493f9db3e7ad7,master,1507306081,0,0,0,0,0,0,0,0,0,0,0,0,0,476,476,476,476,654,654,0,0,1,0,0,0,2,0,0,0,2,0,
ARMmbed/mbed-ls,43cae497f82631af90c542ef423493f9db3e7ad7,447fbf69ce65c8600ea5a3e7198144879a23a465,master,1507306042,1,2,110,20,1,2,110,20,0,0,0,0,0,365,477,476,366,654,523,3,0,1,2,3,0,403,9,403,9,412,412,
ARMmbed/mbed-ls,3633b20d2fc27b280be5893f90677a34d5f1fe69,447fbf69ce65c8600ea5a3e7198144879a23a465,rename-modules,1507229316,1,2,110,20,1,2,110,20,0,0,0,0,0,365,477,476,366,654,523,3,0,1,2,3,0,403,9,403,9,412,412,
ARMmbed/mbed-ls,447fbf69ce65c8600ea5a3e7198144879a23a465,fd5c04c2189204da037a4a6b403f7fe87093ecb2,master,1507222171,262,112,103,1,235,274,17,81,23,0,0,0,0,88,721,476,333,654,458,1,2,6,6,1,1,1047,951,1212,536,2009,1755,
ARMmbed/mbed-ls,87822c7ab150590dc2140d8f31799c56d131ed39,fd5c04c2189204da037a4a6b403f7fe87093ecb2,fix-coveralls,1507221996,262,112,103,1,235,274,17,81,23,0,0,0,0,88,721,476,333,654,458,1,2,6,6,1,1,1047,951,1212,536,2009,1755,
ARMmbed/mbed-ls,fd5c04c2189204da037a4a6b403f7fe87093ecb2,8793f14354a9b829835425b5346a38eeb8397c7f,master,1473417491,0,0,0,0,0,0,0,0,0,0,0,0,0,350,350,350,350,791,791,0,0,1,0,0,0,1,0,1,0,1,1,
ARMmbed/mbed-ls,8793f14354a9b829835425b5346a38eeb8397c7f,1fb0b7e87fb6682a27c8d0d28838565dc1c1f36d,master,1473411595,2,13,0,0,0,2,0,0,0,0,0,0,0,348,350,350,348,791,778,0,0,1,0,0,0,36,0,5,0,36,5,
ARMmbed/mbed-ls,1fb0b7e87fb6682a27c8d0d28838565dc1c1f36d,9005374cdae7a80c22ac12c0d584c3ac2b7ce178,master,1473411459,2,12,0,0,0,1,0,0,0,0,0,0,0,346,348,348,346,778,765,0,0,2,0,0,0,33,0,1,0,33,1,
ARMmbed/mbed-ls,9005374cdae7a80c22ac12c0d584c3ac2b7ce178,96490f4e24b02d316938b98d5201e7021e264ac5,master,1473411269,0,0,0,0,0,0,0,0,0,0,0,0,0,346,346,346,346,765,765,0,0,1,0,0,0,3,0,0,0,3,0,
ARMmbed/mbed-ls,96490f4e24b02d316938b98d5201e7021e264ac5,a5be3e00865e0388a42b9f8102902959fa49de03,master,1473411183,0,2,0,0,0,2,0,0,0,0,0,0,0,346,346,346,346,765,765,0,0,1,0,0,0,2,0,2,0,2,2,
ARMmbed/mbed-ls,a5be3e00865e0388a42b9f8102902959fa49de03,512be96d0392da5274cf27204846169702bb7717,master,1471862572,0,0,0,0,0,0,0,0,0,0,0,0,0,346,346,346,346,765,765,0,0,1,0,0,0,1,0,1,0,1,1,
ARMmbed/mbed-ls,512be96d0392da5274cf27204846169702bb7717,c7b78ae7d804339225b16fb225b7ff0d4a8986c6,master,1471862212,1,0,0,0,0,1,0,0,2,0,0,0,0,343,346,346,343,765,765,0,0,2,0,0,0,2,0,3,0,2,3,
ARMmbed/mbed-ls,c7b78ae7d804339225b16fb225b7ff0d4a8986c6,0d38210072919be72fddd304fb59cd1a461a2c96,master,1470846111,0,0,0,0,0,0,0,0,0,0,0,0,0,343,343,343,343,765,765,0,0,1,0,0,0,1,0,0,0,1,0,
ARMmbed/mbed-ls,0d38210072919be72fddd304fb59cd1a461a2c96,06f492eee264057020174115a91e74a3a2914e87,master,1470388576,0,0,0,0,0,0,0,0,0,0,0,0,0,343,343,343,343,765,765,0,0,1,0,0,0,1,0,0,0,1,0,
ARMmbed/mbed-ls,06f492eee264057020174115a91e74a3a2914e87,9ebda28399c0ab77e23f466a30e1beeaf4bf1a00,master,1469800916,0,0,0,0,0,0,0,0,0,0,0,0,0,343,343,343,343,765,765,0,0,0,0,0,0,0,0,0,0,2,2,
ARMmbed/mbed-ls,9ebda28399c0ab77e23f466a30e1beeaf4bf1a00,7e480daa0da0137cac15bb0a3a1bace9880a1c9d,master,1469788121,0,0,0,0,0,0,0,0,0,0,0,0,0,343,343,343,343,765,765,0,0,1,0,0,0,1,0,1,0,1,1,
ARMmbed/mbed-ls,7e480daa0da0137cac15bb0a3a1bace9880a1c9d,05ba6c15bf3b451f79c630e51c4c7c7f798c21af,master,1469788088,1,6,0,0,0,2,0,0,0,0,0,0,0,342,343,343,342,765,760,0,0,1,0,0,0,9,0,2,0,9,2,
ARMmbed/mbed-ls,e9d1ac219aa99b7567d2fcb8cfe1ef457fcc4927,e4f585bc449056b39a055d3f4941dee391df17c2,devel_cygwin,1469181733,0,1,0,0,0,0,0,0,0,0,0,0,0,342,342,342,342,760,759,0,0,1,0,0,0,1,0,0,0,1,0,
ARMmbed/mbed-ls,05ba6c15bf3b451f79c630e51c4c7c7f798c21af,fcc6f567733809d0c68f75090cdd7d40ad372c2e,master,1469182070,0,0,0,0,0,0,0,0,0,0,0,0,0,342,342,342,342,760,760,0,0,1,0,0,0,1,0,1,0,1,1,
ARMmbed/mbed-ls,fcc6f567733809d0c68f75090cdd7d40ad372c2e,85ea89c45c43b5a9bb1773588c50cd158a6a12b1,master,1469182045,0,5,0,0,0,1,0,0,0,0,0,0,0,342,342,342,342,760,756,0,0,2,0,0,0,5,0,1,0,5,1,
ARMmbed/mbed-ls,e4f585bc449056b39a055d3f4941dee391df17c2,85ea89c45c43b5a9bb1773588c50cd158a6a12b1,devel_cygwin,1469179730,0,4,0,0,0,1,0,0,0,0,0,0,0,342,342,342,342,759,756,0,0,1,0,0,0,4,0,1,0,4,1,
ARMmbed/mbed-ls,85ea89c45c43b5a9bb1773588c50cd158a6a12b1,6ade7e053cbc34076002e3123443d89943b5d6e5,master,1469097590,0,0,0,0,0,0,0,0,55,0,0,0,0,287,342,342,287,756,756,0,1,0,0,0,0,0,176,0,0,176,0,
ARMmbed/mbed-ls,1d4ee9230f545786e5c98fbc5410a722f02299ed,6ade7e053cbc34076002e3123443d89943b5d6e5,devel_unittest_MbedLsToolsBase,1469097376,0,0,0,0,0,0,0,0,55,0,0,0,0,287,342,342,287,756,756,0,1,0,0,0,0,0,176,0,0,176,0,
ARMmbed/mbed-ls,6ade7e053cbc34076002e3123443d89943b5d6e5,4cc7713758132cc5bff848c599631c5b3064f0aa,master,1469095289,0,0,0,0,0,0,0,0,0,0,0,0,0,287,287,287,287,756,756,0,0,1,0,0,0,1,0,1,0,1,1,
ARMmbed/mbed-ls,4cc7713758132cc5bff848c599631c5b3064f0aa,16474ead51158c648411b66d1b358eb187b383d3,master,1469095268,1,36,0,0,8,21,0,0,0,5,0,0,0,286,300,287,299,756,740,0,0,2,0,0,0,66,0,35,0,66,35,
ARMmbed/mbed-ls,fc1dd74b67ee1874fb2515ed1b782c37d1720aca,f4d4116c18bb5e858c7a4d8794021a876679ab27,devel_lockfile_timeout_fix,1469095113,0,0,0,0,0,0,0,0,0,0,0,0,0,287,287,287,287,756,756,0,0,1,0,0,0,19,0,2,0,19,2,
ARMmbed/mbed-ls,f4d4116c18bb5e858c7a4d8794021a876679ab27,16474ead51158c648411b66d1b358eb187b383d3,devel_lockfile_timeout_fix,1469092673,1,36,0,0,8,21,0,0,0,5,0,0,0,286,300,287,299,756,740,0,0,2,0,0,0,48,0,34,0,48,34,
ARMmbed/mbed-ls,16474ead51158c648411b66d1b358eb187b383d3,9b2f09831e249cc0367bdd922de4b3aabc3f47a8,master,1469030386,0,0,0,0,0,0,0,0,0,0,0,0,0,299,299,299,299,748,748,0,0,1,0,0,0,1,0,1,0,1,1,
ARMmbed/mbed-ls,9b2f09831e249cc0367bdd922de4b3aabc3f47a8,6f598066c932601ef687000f3597dd17b4f2b5d9,master,1469030364,0,0,0,0,0,0,0,0,0,0,0,0,0,299,299,299,299,748,748,0,0,1,0,0,0,2,0,0,0,2,0,
ARMmbed/mbed-ls,6f598066c932601ef687000f3597dd17b4f2b5d9,e80b5eeb0f985403094201646a9fb9266ace8752,master,1468937741,0,0,0,0,0,0,0,0,0,0,0,0,0,299,299,299,299,748,748,0,0,1,0,0,0,1,0,1,0,1,1,
ARMmbed/mbed-ls,e80b5eeb0f985403094201646a9fb9266ace8752,d38fd7296f91203611e14001bee3036922abb410,master,1468937707,4,12,0,0,2,6,0,0,2,2,0,0,0,293,303,299,297,748,738,0,0,1,0,0,0,16,0,8,0,16,8,
ARMmbed/mbed-ls,b772236fa7b4643c900c7625b1f54bc3f288dc80,441ce6ba3cfe729df2daa0f417c53bf350a1ef42,devel_lockfile_timeout,1468937310,1,1,0,0,1,1,0,0,0,0,0,0,0,298,300,299,299,748,747,0,0,1,0,0,0,2,0,2,0,2,2,
ARMmbed/mbed-ls,441ce6ba3cfe729df2daa0f417c53bf350a1ef42,d38fd7296f91203611e14001bee3036922abb410,devel_lockfile_timeout,1468936934,4,12,0,0,2,6,0,0,2,2,0,0,0,293,303,299,297,748,738,0,0,1,0,0,0,16,0,8,0,16,8,
ARMmbed/mbed-ls,d38fd7296f91203611e14001bee3036922abb410,4c7b5465aa262159de135e7f36689e0d227f46e7,master,1468333633,0,0,0,0,0,0,0,0,0,0,0,0,0,297,297,297,297,740,740,0,0,1,0,0,0,1,0,1,0,1,1,
ARMmbed/mbed-ls,4c7b5465aa262159de135e7f36689e0d227f46e7,d099f26dedd5dfdeaefe73000a92de4b9e81b8ce,master,1468333589,0,0,0,0,0,0,0,0,0,0,0,0,0,297,297,297,297,740,740,0,0,1,0,0,0,1,0,0,0,1,0,
ARMmbed/mbed-ls,d099f26dedd5dfdeaefe73000a92de4b9e81b8ce,9beb7484b0b0b3e265d00efc0aae6c94f21a3fb5,master,1467899190,0,7,0,0,0,5,0,0,0,0,0,0,0,297,297,297,297,740,738,0,0,1,0,0,0,10,0,7,0,10,7,
ARMmbed/mbed-ls,a3c89a1f83c54cacf396247791d9c28ec3930646,9beb7484b0b0b3e265d00efc0aae6c94f21a3fb5,devel_ver,1467898841,0,7,0,0,0,5,0,0,0,0,0,0,0,297,297,297,297,740,738,0,0,1,0,0,0,10,0,7,0,10,7,
ARMmbed/mbed-ls,9beb7484b0b0b3e265d00efc0aae6c94f21a3fb5,9fd3520556ba88723213eb27e36b0309f6442ff8,devel_remote_res,1467840030,0,0,0,0,0,0,0,0,0,0,0,0,0,297,297,297,297,738,738,0,0,1,0,0,0,1,0,1,0,1,1,
ARMmbed/mbed-ls,9beb7484b0b0b3e265d00efc0aae6c94f21a3fb5,9fd3520556ba88723213eb27e36b0309f6442ff8,master,1467840030,0,0,0,0,0,0,0,0,0,0,0,0,0,297,297,297,297,738,738,0,0,1,0,0,0,1,0,1,0,1,1,
ARMmbed/mbed-ls,9fd3520556ba88723213eb27e36b0309f6442ff8,87332362d733abc598ea4d96647eb075c0f2ac54,master,1467840000,8,0,0,0,0,0,0,0,0,0,0,0,0,289,297,297,289,738,730,0,0,1,1,0,0,22,13,2,0,35,2,
ARMmbed/mbed-ls,87332362d733abc598ea4d96647eb075c0f2ac54,e7d65fc459743c16f0bac13ed52e21c3c6c74357,master,1467822302,0,0,0,0,0,0,0,0,0,0,0,0,0,289,289,289,289,730,730,0,0,1,0,0,0,1,0,1,0,1,1,
ARMmbed/mbed-ls,e7d65fc459743c16f0bac13ed52e21c3c6c74357,b1135bc63bdd9369a4edab23453a8d96acea9269,master,1467822140,0,0,0,0,0,0,0,0,0,0,0,0,0,289,289,289,289,730,730,0,0,1,0,0,0,1,0,1,0,1,1,
ARMmbed/mbed-ls,124b69690121c1e5823d918de0e3891f36de052d,73d878154e783326010c984cb6ea2811d0e9f8f9,devel_remote_res,1467822067,4,0,0,0,0,2,0,0,3,0,0,0,0,290,297,297,290,738,736,0,0,1,1,0,0,6,13,3,0,19,3,
ARMmbed/mbed-ls,73d878154e783326010c984cb6ea2811d0e9f8f9,9bc0e9760a030a6084a7411333216bd821e566b4,devel_remote_res,1467821173,0,3,0,0,0,0,0,0,0,0,0,0,0,290,290,290,290,736,733,0,0,1,0,0,0,5,0,0,0,5,0,
ARMmbed/mbed-ls,9bc0e9760a030a6084a7411333216bd821e566b4,b1135bc63bdd9369a4edab23453a8d96acea9269,devel_remote_res,1467816986,1,2,0,0,0,0,0,0,0,0,0,0,0,289,290,290,289,733,730,0,0,1,0,0,0,14,0,2,0,14,2,
ARMmbed/mbed-ls,b1135bc63bdd9369a4edab23453a8d96acea9269,47ae6176f3e7d6a34d8163c8d4faeabf0e6c59cc,master,1467813252,26,42,0,0,7,50,0,0,0,0,0,0,0,263,296,289,270,730,712,0,0,4,0,0,0,87,0,60,0,99,75,
ARMmbed/mbed-ls,47ae6176f3e7d6a34d8163c8d4faeabf0e6c59cc,5bf394e6e290552f2607b0dd9782e587c4c08bd4,master,1467755789,0,0,0,0,0,0,0,0,0,0,0,0,0,270,270,270,270,719,719,0,0,1,0,0,0,1,0,1,0,1,1,
ARMmbed/mbed-ls,5bf394e6e290552f2607b0dd9782e587c4c08bd4,6b7dd76ae97343ac5f43ebc07aed5fb6b8b49589,master,1467755735,0,0,0,0,0,0,0,0,0,0,0,0,0,270,270,270,270,719,719,0,0,1,0,0,0,1,0,0,0,1,0,
ARMmbed/mbed-ls,79f44cced683f5ecf67de0a48cc287fe68e055f0,b7154d87074290c56afa48b50beee830857e3a38,devel_global_mock,1467712918,0,0,0,0,0,0,0,0,0,0,0,0,0,289,289,289,289,730,730,0,0,0,0,0,0,0,0,0,0,12,15,
ARMmbed/mbed-ls,b7154d87074290c56afa48b50beee830857e3a38,2b1c4302cd9d0ebca48b1b48291e52f5233c1e4f,devel_global_mock,1467642798,1,0,0,0,0,0,0,0,149,1,0,0,0,139,290,289,140,730,729,0,0,1,0,0,0,1,0,0,0,1,0,
ARMmbed/mbed-ls,2b1c4302cd9d0ebca48b1b48291e52f5233c1e4f,9054a5f3fb2de2e256efd6f10ceb1a8d98b6c34c,devel_global_mock,1467642615,0,25,0,0,0,47,0,0,0,0,0,0,0,140,140,140,140,729,751,0,0,3,0,0,0,25,0,47,0,25,47,
ARMmbed/mbed-ls,9054a5f3fb2de2e256efd6f10ceb1a8d98b6c34c,eb1894fc0b67a7eb9abe1f5c4c98fa1dc98798c0,devel_global_mock,1467642384,3,10,0,0,1,6,0,0,0,0,0,0,0,137,141,140,138,751,744,0,0,1,0,0,0,17,0,11,0,17,11,
ARMmbed/mbed-ls,eb1894fc0b67a7eb9abe1f5c4c98fa1dc98798c0,6b7dd76ae97343ac5f43ebc07aed5fb6b8b49589,devel_global_mock,1467641806,13,27,0,0,1,13,0,0,0,144,0,0,0,125,283,138,270,745,718,0,0,2,0,0,0,59,0,17,0,59,17,
ARMmbed/mbed-ls,6b7dd76ae97343ac5f43ebc07aed5fb6b8b49589,66e29bfad84afd28b812380790441acf893eabe6,mbed-os-5.0.0,1467362663,0,0,0,0,0,0,0,0,0,0,0,0,0,270,270,270,270,719,719,0,0,0,0,0,0,0,0,0,0,44,0,
ARMmbed/mbed-ls,6b7dd76ae97343ac5f43ebc07aed5fb6b8b49589,66e29bfad84afd28b812380790441acf893eabe6,master,1467362663,0,0,0,0,0,0,0,0,0,0,0,0,0,270,270,270,270,719,719,0,0,0,0,0,0,0,0,0,0,44,0,
ARMmbed/mbed-ls,6f0d37bbf5f759691abf3bf21b6406f4ae0db5a4,66e29bfad84afd28b812380790441acf893eabe6,docs_mbed_enabled,1467362553,0,0,0,0,0,0,0,0,0,0,0,0,0,270,270,270,270,719,719,0,0,0,0,0,0,0,0,0,0,44,0,
ARMmbed/mbed-ls,66e29bfad84afd28b812380790441acf893eabe6,257fc2269d0c632122cab4e79c68de9920bb78c3,master,1467064562,0,0,0,0,0,0,0,0,0,0,0,0,0,270,270,270,270,719,719,0,0,1,0,0,0,1,0,1,0,1,1,
ARMmbed/mbed-ls,d954f3292284048d203e9e7b00d53bfc3e1d937a,257fc2269d0c632122cab4e79c68de9920bb78c3,devel_mid_reorder,1466849285,0,0,0,0,0,0,0,0,0,0,0,0,0,270,270,270,270,719,719,0,0,1,0,0,0,1,0,1,0,1,1,
ARMmbed/mbed-ls,257fc2269d0c632122cab4e79c68de9920bb78c3,9a36303dcf6c653be09fb04f1a8ef04fa0698864,master,1466848579,0,0,0,0,0,0,0,0,0,0,0,0,0,270,270,270,270,719,719,0,0,1,0,0,0,1,0,1,0,1,1,
ARMmbed/mbed-ls,9a36303dcf6c653be09fb04f1a8ef04fa0698864,a216b56da42ff20148fc90107a0657e22c750c4a,master,1466848484,0,0,0,0,0,0,0,0,0,0,0,0,0,270,270,270,270,719,719,0,0,1,0,0,0,1,0,0,0,1,0,
ARMmbed/mbed-ls,a216b56da42ff20148fc90107a0657e22c750c4a,12a093ad262279907a3870858ed743f19cd6b3d5,master,1466719606,0,0,0,0,0,0,0,0,0,0,0,0,0,270,270,270,270,719,719,0,0,1,0,0,0,1,0,1,0,1,1,
ARMmbed/mbed-ls,12a093ad262279907a3870858ed743f19cd6b3d5,cc2550e230979f8c37edfb701bac24717e0a204f,master,1466719515,0,0,0,0,0,0,0,0,0,0,0,0,0,270,270,270,270,719,719,0,0,1,0,0,0,1,0,0,0,1,0,
ARMmbed/mbed-ls,cc2550e230979f8c37edfb701bac24717e0a204f,67f35c9a2788d110bc413f69c76b676cc33af99d,master,1466719512,0,0,0,0,0,0,0,0,0,0,0,0,0,270,270,270,270,719,719,0,0,1,0,0,0,1,0,0,0,1,0,
ARMmbed/mbed-ls,67f35c9a2788d110bc413f69c76b676cc33af99d,d2e8e97023a84243116d23466506b974c73d26b3,master,1466604684,0,0,0,0,0,0,0,0,0,0,0,0,0,270,270,270,270,719,719,0,0,1,0,0,0,1,0,1,0,1,1,
ARMmbed/mbed-ls,d2e8e97023a84243116d23466506b974c73d26b3,baa5037afeaf3053eb638098a8b5a574e3550f97,master,1466604663,1,16,0,0,0,5,0,0,0,0,0,0,0,269,270,270,269,719,707,0,0,1,1,0,0,29,33,11,0,62,11,
ARMmbed/mbed-ls,8e630f43283a39f4ce901a2cb858553bd35ad36c,d67a32ec58d9026d5278ba17a2b0ea6576ba6652,devel_dap_ver_updates,1466604245,0,4,0,0,0,0,0,0,0,0,0,0,0,270,270,270,270,719,715,0,0,1,1,0,0,9,4,7,0,13,7,
ARMmbed/mbed-ls,d67a32ec58d9026d5278ba17a2b0ea6576ba6652,baa5037afeaf3053eb638098a8b5a574e3550f97,devel_dap_ver_updates,1466603568,1,12,0,0,0,5,0,0,0,0,0,0,0,269,270,270,269,715,707,0,0,1,1,0,0,21,29,5,0,50,5,
ARMmbed/mbed-ls,baa5037afeaf3053eb638098a8b5a574e3550f97,90ab168159bafec196e8464d56cee83f72d2076b,master,1466444436,0,0,0,0,0,0,0,0,0,0,0,0,0,269,269,269,269,707,707,0,0,1,0,0,0,1,0,1,0,1,1,
ARMmbed/mbed-ls,1c3fa4d0783879f65572499c4bdd0f8e14c5f75b,fdcc72ec7d7236370931437026a3072cd6b6829b,master,1466444321,0,0,0,0,0,0,0,0,0,0,0,0,0,269,269,269,269,707,707,0,0,1,0,0,0,1,0,0,0,1,0,
ARMmbed/mbed-ls,343e0c69cbc32737cce70617b185d23e7a6fdbdf,ba2d071a30c7e8239815ba6c22dea92624ff8489,master,1466444308,0,0,0,0,0,0,0,0,0,0,0,0,0,269,269,269,269,707,707,0,0,1,0,0,0,1,0,1,0,1,1,
ARMmbed/mbed-ls,90ab168159bafec196e8464d56cee83f72d2076b,1c3fa4d0783879f65572499c4bdd0f8e14c5f75b,master,1466444326,0,0,0,0,0,0,0,0,0,0,0,0,0,269,269,269,269,707,707,0,0,1,0,0,0,1,0,0,0,1,0,
ARMmbed/mbed-ls,fdcc72ec7d7236370931437026a3072cd6b6829b,343e0c69cbc32737cce70617b185d23e7a6fdbdf,master,1466444315,0,0,0,0,0,0,0,0,0,0,0,0,0,269,269,269,269,707,707,0,0,1,0,0,0,1,0,1,0,1,1,
ARMmbed/mbed-ls,ba2d071a30c7e8239815ba6c22dea92624ff8489,7bac32bdf217d26503daec87c702338e720197c2,master,1466444302,0,0,0,0,0,0,0,0,0,0,0,0,0,269,269,269,269,707,707,0,0,1,0,0,0,1,0,0,0,1,0,
ARMmbed/mbed-ls,7bac32bdf217d26503daec87c702338e720197c2,403f4bc179a5f7f178f43d69bb8ae5347b1b9000,master,1466377902,0,0,0,0,0,0,0,0,0,0,0,0,0,269,269,269,269,707,707,0,0,1,0,0,0,1,0,0,0,1,0,
ARMmbed/mbed-ls,403f4bc179a5f7f178f43d69bb8ae5347b1b9000,0d244453d819ebe833ee4a6807011389a0c813e5,mock_enh,1465903536,0,0,0,0,0,0,0,0,0,0,0,0,0,269,269,269,269,707,707,0,0,1,0,0,0,1,0,1,0,1,1,
ARMmbed/mbed-ls,403f4bc179a5f7f178f43d69bb8ae5347b1b9000,0d244453d819ebe833ee4a6807011389a0c813e5,master,1465903536,0,0,0,0,0,0,0,0,0,0,0,0,0,269,269,269,269,707,707,0,0,1,0,0,0,1,0,1,0,1,1,
ARMmbed/mbed-ls,d6314d5f512dc48abcd79731c9223c2c1deabe28,719e0326ddff87d3801ebd8b97cb73874209009c,master,1465903443,0,0,0,0,0,0,0,0,0,0,0,0,0,269,269,269,269,707,707,0,0,1,0,0,0,1,0,0,0,1,0,
ARMmbed/mbed-ls,0d244453d819ebe833ee4a6807011389a0c813e5,d6314d5f512dc48abcd79731c9223c2c1deabe28,master,1465903469,0,0,0,0,0,0,0,0,0,0,0,0,0,269,269,269,269,707,707,0,0,1,0,0,0,1,0,1,0,1,1,
ARMmbed/mbed-ls,719e0326ddff87d3801ebd8b97cb73874209009c,b3d246585b1154663015cc77a4d2899ea2f3818b,master,1465841467,0,0,0,0,0,0,0,0,0,0,0,0,0,269,269,269,269,707,707,0,0,1,0,0,0,1,0,1,0,1,1,
ARMmbed/mbed-ls,b3d246585b1154663015cc77a4d2899ea2f3818b,49006661191458dd0b36a2781221c1d8a21fe1e0,master,1465841330,1,13,0,0,0,0,0,0,0,0,0,0,0,268,269,269,268,707,693,0,0,2,0,0,0,25,0,1,0,25,1,
ARMmbed/mbed-ls,3bd3a58a9bd5d3c8cd1ae45f44e37ac3edbb6697,49006661191458dd0b36a2781221c1d8a21fe1e0,devel_list,1465393030,1,13,0,0,0,0,0,0,0,0,0,0,0,268,269,269,268,707,693,0,0,2,0,0,0,25,0,1,0,25,1,
ARMmbed/mbed-ls,49006661191458dd0b36a2781221c1d8a21fe1e0,052170d1660617cde8982e62b671fc35ee1a68ea,master,1464770437,0,0,0,0,0,0,0,0,0,0,0,0,0,268,268,268,268,693,693,0,0,1,0,0,0,1,0,1,0,1,1,
ARMmbed/mbed-ls,052170d1660617cde8982e62b671fc35ee1a68ea,3139ac70410cf9926dbec45703b7b44644facb46,master,1464770399,0,0,0,0,0,0,0,0,0,0,0,0,0,268,268,268,268,693,693,0,0,1,0,0,0,1,0,0,0,1,0,
ARMmbed/mbed-ls,3139ac70410cf9926dbec45703b7b44644facb46,e4c643851f018f0b3a664c7b8b59d416eeaaef57,master,1463998192,0,0,0,0,0,0,0,0,0,0,0,0,0,268,268,268,268,693,693,0,0,1,0,0,0,1,0,1,0,1,1,
ARMmbed/mbed-ls,e4c643851f018f0b3a664c7b8b59d416eeaaef57,e9cab1078979c4fe4e40bfe5f5a7f6b4f4a17491,master,1463997973,0,0,0,0,0,0,0,0,0,0,0,0,0,268,268,268,268,693,693,0,0,1,0,0,0,2,0,2,0,2,2,
ARMmbed/mbed-ls,e9cab1078979c4fe4e40bfe5f5a7f6b4f4a17491,27c81eb88eee626678175f664357928f6c05f325,master,1463995336,0,0,0,0,0,0,0,0,0,0,0,0,0,268,268,268,268,693,693,0,0,1,0,0,0,2,0,1,0,2,1,
ARMmbed/mbed-ls,27c81eb88eee626678175f664357928f6c05f325,e89c3f6ba914a8a9d8455d5e2dbe24b396cf5e69,master,1463410631,0,0,0,0,0,0,0,0,0,0,0,0,0,268,268,268,268,693,693,0,0,1,0,0,0,1,0,1,0,1,1,
ARMmbed/mbed-ls,e89c3f6ba914a8a9d8455d5e2dbe24b396cf5e69,cdf68bef388b74d268612eaec33fbf22d338ff8d,master,1463410593,0,0,0,0,0,0,0,0,0,0,0,0,0,268,268,268,268,693,693,0,0,1,0,0,0,1,0,0,0,1,0,
ARMmbed/mbed-ls,cdf68bef388b74d268612eaec33fbf22d338ff8d,f708f4878f4ec0adaa5cdfd893ced8c7288fc073,master,1462539670,0,0,0,0,0,0,0,0,0,0,0,0,0,268,268,268,268,693,693,0,0,0,0,0,0,0,0,0,0,1,1,
ARMmbed/mbed-ls,f708f4878f4ec0adaa5cdfd893ced8c7288fc073,5587839710d02f91138d065a187f3ab1665ecc9e,master,1462539187,0,0,0,0,0,0,0,0,0,0,0,0,0,268,268,268,268,693,693,0,0,1,0,0,0,1,0,1,0,1,1,
ARMmbed/mbed-ls,5587839710d02f91138d065a187f3ab1665ecc9e,7e75344ae2040600c8e18798570b654a8bad3e27,master,1462539129,9,1,0,0,6,2,0,0,0,0,0,0,0,259,274,268,265,693,685,0,0,2,0,0,0,18,0,8,0,18,8,
ARMmbed/mbed-ls,942f79d3eec6cd5855af2870b9a1ee05575dc024,168217ccedd2d0d176db15196dd5c902a8759798,issue_popen,1462532255,2,1,0,0,0,2,0,0,26,0,0,0,0,240,268,268,240,693,692,0,0,2,0,0,0,3,0,2,0,3,2,
ARMmbed/mbed-ls,168217ccedd2d0d176db15196dd5c902a8759798,7e75344ae2040600c8e18798570b654a8bad3e27,issue_popen,1462526811,4,5,0,0,6,2,0,0,0,23,0,0,0,236,269,240,265,692,685,0,0,2,0,0,0,17,0,8,0,17,8,
ARMmbed/mbed-ls,7e75344ae2040600c8e18798570b654a8bad3e27,6f30d5cbf9c0354f6a5c22917ca15b4496c77daa,master,1462452796,0,0,0,0,0,0,0,0,0,0,0,0,0,265,265,265,265,691,691,0,0,0,1,0,0,0,13,0,1,13,1,
ARMmbed/mbed-ls,6f30d5cbf9c0354f6a5c22917ca15b4496c77daa,c3348a4aa3a228de54f4b37736dbcbb7733a3c06,master,1461943800,0,0,0,0,0,0,0,0,0,0,0,0,0,265,265,265,265,691,691,0,0,0,0,0,0,0,0,0,0,38,3,
ARMmbed/mbed-ls,61295103545b00bc92f9d3a0655ea7bdc5b3191f,bb08fd62913c2dcb7275ca5d75d67dfbc7d76443,docs_ldm_2,1461937969,0,0,0,0,0,0,0,0,0,0,0,0,0,265,265,265,265,691,691,0,0,0,0,0,0,0,0,0,0,1,0,
ARMmbed/mbed-ls,bb08fd62913c2dcb7275ca5d75d67dfbc7d76443,0606d470201d45167676f0bb624345a2c6f76758,docs_ldm_2,1461937775,0,0,0,0,0,0,0,0,0,0,0,0,0,265,265,265,265,691,691,0,0,0,0,0,0,0,0,0,0,16,1,
ARMmbed/mbed-ls,0606d470201d45167676f0bb624345a2c6f76758,e291060406d035ded9fca89520c0a4c46dbe3181,docs_ldm_2,1461931274,0,0,0,0,0,0,0,0,0,0,0,0,0,265,265,265,265,691,691,0,0,0,0,0,0,0,0,0,0,3,0,
ARMmbed/mbed-ls,e291060406d035ded9fca89520c0a4c46dbe3181,c3348a4aa3a228de54f4b37736dbcbb7733a3c06,docs_ldm_2,1461931167,0,0,0,0,0,0,0,0,0,0,0,0,0,265,265,265,265,691,691,0,0,0,0,0,0,0,0,0,0,19,3,
ARMmbed/mbed-ls,c3348a4aa3a228de54f4b37736dbcbb7733a3c06,ee0a7f08d8edf13591cc5d949172f59351c88b5e,master,1461593102,0,0,0,0,0,0,0,0,0,0,0,0,0,265,265,265,265,691,691,0,0,1,0,0,0,1,0,1,0,1,1,
ARMmbed/mbed-ls,ee0a7f08d8edf13591cc5d949172f59351c88b5e,f776e085a7ce91982d6e4de4cfd849914091483e,master,1461592921,0,0,0,0,0,0,0,0,0,0,0,0,0,265,265,265,265,691,691,0,0,0,1,0,0,0,5,0,0,5,0,
ARMmbed/mbed-ls,f776e085a7ce91982d6e4de4cfd849914091483e,28b1bb2cb473418e361e7f3649aba1ff1f161629,master,1461592911,0,0,0,0,0,0,0,0,0,0,0,0,0,265,265,265,265,691,691,0,0,1,0,0,0,1,0,1,0,1,1,
ARMmbed/mbed-ls,9d214a5af9e501a2084e3d0eca4c07fd3c5e547b,28b1bb2cb473418e361e7f3649aba1ff1f161629,issue_70,1461575992,0,0,0,0,0,0,0,0,0,0,0,0,0,265,265,265,265,691,691,0,0,0,1,0,0,0,5,0,0,5,0,
ARMmbed/mbed-ls,79ee469b853cd033b676f3fbf3769ebd953c8189,c38571cb73c0786326c63dd96fbd353140e483e3,master,1461324258,0,0,0,0,0,0,0,0,0,0,0,0,0,265,265,265,265,691,691,0,0,0,0,0,0,0,0,0,0,29,1,
ARMmbed/mbed-ls,28b1bb2cb473418e361e7f3649aba1ff1f161629,79ee469b853cd033b676f3fbf3769ebd953c8189,master,1461324282,0,0,0,0,0,0,0,0,0,0,0,0,0,265,265,265,265,691,691,0,0,0,0,0,0,0,0,0,0,2,2,
ARMmbed/mbed-ls,c52f8268401490e40c8a0842a3c86aee889292bf,2b34c03224aa9d82de333d20c7cb64b7a1e3d463,docs_rpi_ldm,1461324172,0,0,0,0,0,0,0,0,0,0,0,0,0,265,265,265,265,691,691,0,0,0,0,0,0,0,0,0,0,5,5,
ARMmbed/mbed-ls,2b34c03224aa9d82de333d20c7cb64b7a1e3d463,c38571cb73c0786326c63dd96fbd353140e483e3,docs_rpi_ldm,1461324058,0,0,0,0,0,0,0,0,0,0,0,0,0,265,265,265,265,691,691,0,0,0,0,0,0,0,0,0,0,29,1,
ARMmbed/mbed-ls,efb61cc62386c10548ea50276579bb0877493a6d,c60ca32b70db7d965053e4117cbe1ee25f7585b1,issue_69,1461316267,0,0,0,0,0,0,0,0,0,0,0,0,0,265,265,265,265,691,691,0,0,0,0,0,0,0,0,0,0,1,1,
ARMmbed/mbed-ls,c60ca32b70db7d965053e4117cbe1ee25f7585b1,c38571cb73c0786326c63dd96fbd353140e483e3,issue_69,1461316164,0,0,0,0,0,0,0,0,0,0,0,0,0,265,265,265,265,691,691,0,0,0,0,0,0,0,0,0,0,2,2,
ARMmbed/mbed-ls,c38571cb73c0786326c63dd96fbd353140e483e3,2dcfd286047afe968fcbf173daa287def34e06e9,master,1461149124,0,0,0,0,0,0,0,0,0,0,0,0,0,265,265,265,265,691,691,0,0,0,1,0,0,0,52,0,3,52,3,
ARMmbed/mbed-ls,2dcfd286047afe968fcbf173daa287def34e06e9,668734c42f60a847aa4a22506b1f2bedc696baa4,master,1459944954,0,0,0,0,0,0,0,0,0,0,0,0,0,265,265,265,265,691,691,0,0,1,0,0,0,1,0,1,0,1,1,
ARMmbed/mbed-ls,668734c42f60a847aa4a22506b1f2bedc696baa4,4b1c5fede76cf842d1bbbc1d50102d43ffe76dd2,master,1459944934,1,0,0,0,1,0,0,0,0,0,0,0,0,264,266,265,265,691,690,0,0,1,1,0,0,2,47,1,0,49,1,
ARMmbed/mbed-ls,f79476733af134828882151b84dfa44be5df063c,4b1c5fede76cf842d1bbbc1d50102d43ffe76dd2,devel_ubuntu15,1459944799,1,0,0,0,1,0,0,0,0,0,0,0,0,264,266,265,265,691,690,0,0,1,1,0,0,2,47,1,0,49,1,
ARMmbed/mbed-ls,4b1c5fede76cf842d1bbbc1d50102d43ffe76dd2,8f63a71e2dbd57407a40bb3c2289c614b9e95f8c,master,1459342471,0,0,0,0,0,0,0,0,0,0,0,0,0,265,265,265,265,691,691,0,0,0,0,0,0,0,0,0,0,32,0,
ARMmbed/mbed-ls,8f63a71e2dbd57407a40bb3c2289c614b9e95f8c,3c4ef6063abe7e9519a7a48bc296ee0ac27d92e5,master,1459341210,0,0,0,0,0,0,0,0,0,0,0,0,0,265,265,265,265,691,691,0,0,1,0,0,0,1,0,1,0,1,1,
ARMmbed/mbed-ls,3c4ef6063abe7e9519a7a48bc296ee0ac27d92e5,85277ef0459b23b41a5119c4bfca34d8d7060b93,master,1459341153,0,13,0,0,0,9,0,0,0,0,0,0,0,265,265,265,265,691,687,0,0,1,0,0,0,14,0,9,0,14,9,
ARMmbed/mbed-ls,85277ef0459b23b41a5119c4bfca34d8d7060b93,a805625cf6d7a2d0a7a680d068cd41dbdf970ebc,master,1459328388,0,0,0,0,0,0,0,0,0,0,0,0,0,265,265,265,265,687,687,0,0,1,0,0,0,1,0,1,0,1,1,
ARMmbed/mbed-ls,a805625cf6d7a2d0a7a680d068cd41dbdf970ebc,b0330d153dc39de636dcd204d02742ce2ebdf179,master,1459328340,0,0,0,0,0,0,0,0,0,0,0,0,0,265,265,265,265,687,687,0,0,1,0,0,0,1,0,0,0,1,0,
ARMmbed/mbed-ls,b0330d153dc39de636dcd204d02742ce2ebdf179,e7346da2dd894aa754a48087cbb5b428f9a54571,master,1459265802,0,0,0,0,0,0,0,0,0,0,0,0,0,265,265,265,265,687,687,0,0,1,0,0,0,1,0,1,0,1,1,
ARMmbed/mbed-ls,e7346da2dd894aa754a48087cbb5b428f9a54571,4a84753f26bd051b6314ce3cf587e54707f4905a,master,1459265756,0,0,0,0,0,0,0,0,0,0,0,0,0,265,265,265,265,687,687,0,0,1,0,0,0,4,0,0,0,4,0,
ARMmbed/mbed-ls,4a84753f26bd051b6314ce3cf587e54707f4905a,837bbb7e3cc27d7c76bd5f2e30ee5315b3fdcb31,master,1458055817,0,0,0,0,0,0,0,0,0,0,0,0,0,265,265,265,265,687,687,0,0,0,0,0,0,0,0,0,0,67,14,
ARMmbed/mbed-ls,3a8bebdd883136ae9739d42e9a4df9786c7246bb,465232ae2591c516b274e2cd50aabaa522d34cce,docs_usbmount,1458042816,0,0,0,0,0,0,0,0,0,0,0,0,0,265,265,265,265,687,687,0,0,0,0,0,0,0,0,0,0,5,8,
ARMmbed/mbed-ls,465232ae2591c516b274e2cd50aabaa522d34cce,837bbb7e3cc27d7c76bd5f2e30ee5315b3fdcb31,docs_usbmount,1458042664,0,0,0,0,0,0,0,0,0,0,0,0,0,265,265,265,265,687,687,0,0,0,0,0,0,0,0,0,0,70,14,
ARMmbed/mbed-ls,837bbb7e3cc27d7c76bd5f2e30ee5315b3fdcb31,fc7eebfdf0e34fc3142ec279dce8d0911ad0586d,master,1458040698,0,0,0,0,0,0,0,0,0,0,0,0,0,265,265,265,265,687,687,0,0,0,0,0,0,0,0,0,0,1,0,
ARMmbed/mbed-ls,fc7eebfdf0e34fc3142ec279dce8d0911ad0586d,9a1475970276a963bbd8094ae985d5b5982720e4,master,1457391225,0,0,0,0,0,0,0,0,0,0,0,0,0,265,265,265,265,687,687,0,0,0,0,0,0,0,0,0,0,1,0,
ARMmbed/mbed-ls,0b273054627da13a4640c9fa816f3ec31bd9cbfd,7b0d37065c6064f8fde619fcde6671c72adf7418,master,1457368050,0,19,0,0,0,17,0,0,0,0,0,0,0,265,265,265,265,687,685,0,0,1,0,0,0,19,0,17,0,19,17,
ARMmbed/mbed-ls,9a1475970276a963bbd8094ae985d5b5982720e4,0b273054627da13a4640c9fa816f3ec31bd9cbfd,master,1457368078,0,0,0,0,0,0,0,0,0,0,0,0,0,265,265,265,265,687,687,0,0,1,0,0,0,1,0,1,0,1,1,
ARMmbed/mbed-ls,7b0d37065c6064f8fde619fcde6671c72adf7418,6586b836404293c62437d86d5ba12cb4db2692d7,master,1457176165,0,0,0,0,0,0,0,0,0,0,0,0,0,265,265,265,265,685,685,0,0,0,0,0,0,0,0,0,0,1,0,
ARMmbed/mbed-ls,6586b836404293c62437d86d5ba12cb4db2692d7,7ddf5f2f48cf1b9ae44d36b4dba92b513a1d552a,master,1457142134,0,0,0,0,0,0,0,0,0,0,0,0,0,265,265,265,265,685,685,0,0,0,0,0,0,0,0,0,0,1,0,
ARMmbed/mbed-ls,6586b836404293c62437d86d5ba12cb4db2692d7,7ddf5f2f48cf1b9ae44d36b4dba92b513a1d552a,master,1457142134,0,0,0,0,0,0,0,0,0,0,0,0,0,265,265,265,265,685,685,0,0,0,0,0,0,0,0,0,0,1,0,
